<ai>
    <ai0>
        <mass>2.000000</mass>
        <velocity>
            <x>0.000000</x>
            <y>0.000000</y>
        </velocity>
        <forces>
            <x>0.000000</x>
            <y>0.000000</y>
        </forces>
        <position>
            <x>-399.642622</x>
            <y>200.046909</y>
        </position>
    </ai0>
    <ai1>
        <mass>2.000000</mass>
        <velocity>
            <x>0.000000</x>
            <y>0.000000</y>
        </velocity>
        <forces>
            <x>0.000000</x>
            <y>0.000000</y>
        </forces>
        <position>
            <x>-199.806491</x>
            <y>300.000306</y>
        </position>
    </ai1>
</ai>
<base>
    <base0>
        <mass>6000.000000</mass>
        <velocity>
            <x>-15.522793</x>
            <y>1.344341</y>
        </velocity>
        <forces>
            <x>0.000000</x>
            <y>0.000000</y>
        </forces>
        <position>
            <x>8000.000000</x>
            <y>0.000000</y>
        </position>
    </base0>
</base>
<hud_base_pointer>
    <hud_base_pointer0 />
</hud_base_pointer>
<hud_fuel>
    <hud_fuel0 />
</hud_fuel>
<hud_fuel_container>
    <hud_fuel_container0 />
</hud_fuel_container>
<hud_life>
    <hud_life0 />
</hud_life>
<hud_life_container>
    <hud_life_container0 />
</hud_life_container>
<hud_obj_pointer>
    <hud_obj_pointer0 />
</hud_obj_pointer>
<objective_1>
    <objective_10>
        <mass>1.000000</mass>
        <velocity>
            <x>0.000000</x>
            <y>0.000000</y>
        </velocity>
        <forces>
            <x>0.000000</x>
            <y>0.000000</y>
        </forces>
        <position>
            <x>8000.000000</x>
            <y>0.000000</y>
        </position>
    </objective_10>
</objective_1>
<objective_2>
    <objective_20>
        <mass>1.000000</mass>
        <velocity>
            <x>0.000000</x>
            <y>0.000000</y>
        </velocity>
        <forces>
            <x>0.000000</x>
            <y>0.000000</y>
        </forces>
        <position>
            <x>2485.788352</x>
            <y>3855.863627</y>
        </position>
    </objective_20>
</objective_2>
<objective_3>
    <objective_30>
        <mass>1.000000</mass>
        <velocity>
            <x>0.000000</x>
            <y>0.000000</y>
        </velocity>
        <forces>
            <x>0.000000</x>
            <y>0.000000</y>
        </forces>
        <position>
            <x>4000.000000</x>
            <y>-4000.000000</y>
        </position>
    </objective_30>
</objective_3>
<planet>
    <planet0>
        <mass>700.000000</mass>
        <velocity>
            <x>212.243107</x>
            <y>-120.406391</y>
        </velocity>
        <forces>
            <x>0.000000</x>
            <y>0.000000</y>
        </forces>
        <position>
            <x>1445.469548</x>
            <y>-3910.117975</y>
        </position>
    </planet0>
    <planet1>
		<id>planet_1</id>
        <mass>700.000000</mass>
        <velocity>
            <x>220.517277</x>
            <y>110.364123</y>
        </velocity>
        <forces>
            <x>0.000000</x>
            <y>0.000000</y>
        </forces>
        <position>
            <x>2485.788352</x>
            <y>3855.863627</y>
        </position>
    </planet1>
</planet>
<player>
    <player0>
        <mass>4.000000</mass>
        <velocity>
            <x>-1470.169643</x>
            <y>411.534672</y>
        </velocity>
        <forces>
            <x>0.000000</x>
            <y>0.000000</y>
        </forces>
        <position>
            <x>4267.728261</x>
            <y>3664.825846</y>
        </position>
    </player0>
</player>
