<ai>
    <ai0>
        <id>ai</id>
        <mass>2.000000</mass>
        <velocity>
            <x>0.000000</x>
            <y>0.000000</y>
        </velocity>
        <forces>
            <x>0.000000</x>
            <y>0.000000</y>
        </forces>
        <position>
            <x>-81244.104548</x>
            <y>-86037.980734</y>
        </position>
    </ai0>
    <ai1>
        <id>ai</id>
        <mass>2.000000</mass>
        <velocity>
            <x>0.000000</x>
            <y>0.000000</y>
        </velocity>
        <forces>
            <x>0.000000</x>
            <y>0.000000</y>
        </forces>
        <position>
            <x>-116515.994480</x>
            <y>-35151.211087</y>
        </position>
    </ai1>
    <ai2>
        <id>ai</id>
        <mass>2.000000</mass>
        <velocity>
            <x>0.000000</x>
            <y>0.000000</y>
        </velocity>
        <forces>
            <x>0.000000</x>
            <y>0.000000</y>
        </forces>
        <position>
            <x>55180.020132</x>
            <y>40089.848172</y>
        </position>
    </ai2>
    <ai3>
        <id>ai</id>
        <mass>2.000000</mass>
        <velocity>
            <x>0.000000</x>
            <y>0.000000</y>
        </velocity>
        <forces>
            <x>0.000000</x>
            <y>0.000000</y>
        </forces>
        <position>
            <x>-59698.994495</x>
            <y>-97846.077650</y>
        </position>
    </ai3>
    <ai4>
        <id>ai</id>
        <mass>2.000000</mass>
        <velocity>
            <x>0.000000</x>
            <y>0.000000</y>
        </velocity>
        <forces>
            <x>0.000000</x>
            <y>0.000000</y>
        </forces>
        <position>
            <x>-80932.423447</x>
            <y>-86264.976287</y>
        </position>
    </ai4>
    <ai5>
        <id>ai</id>
        <mass>2.000000</mass>
        <velocity>
            <x>0.000000</x>
            <y>0.000000</y>
        </velocity>
        <forces>
            <x>0.000000</x>
            <y>0.000000</y>
        </forces>
        <position>
            <x>-74904.151889</x>
            <y>-56779.851718</y>
        </position>
    </ai5>
    <ai6>
        <id>ai</id>
        <mass>2.000000</mass>
        <velocity>
            <x>0.000000</x>
            <y>0.000000</y>
        </velocity>
        <forces>
            <x>0.000000</x>
            <y>0.000000</y>
        </forces>
        <position>
            <x>-100845.786253</x>
            <y>-19353.845493</y>
        </position>
    </ai6>
    <ai7>
        <id>ai</id>
        <mass>2.000000</mass>
        <velocity>
            <x>0.000000</x>
            <y>0.000000</y>
        </velocity>
        <forces>
            <x>0.000000</x>
            <y>0.000000</y>
        </forces>
        <position>
            <x>25432.540239</x>
            <y>35984.160274</y>
        </position>
    </ai7>
    <ai8>
        <id>ai</id>
        <mass>2.000000</mass>
        <velocity>
            <x>0.000000</x>
            <y>0.000000</y>
        </velocity>
        <forces>
            <x>0.000000</x>
            <y>0.000000</y>
        </forces>
        <position>
            <x>-59058.236958</x>
            <y>-65464.425562</y>
        </position>
    </ai8>
    <ai9>
        <id>ai</id>
        <mass>2.000000</mass>
        <velocity>
            <x>0.000000</x>
            <y>0.000000</y>
        </velocity>
        <forces>
            <x>0.000000</x>
            <y>0.000000</y>
        </forces>
        <position>
            <x>-74674.917868</x>
            <y>-56946.801537</y>
        </position>
    </ai9>
    <ai10>
        <id>ai</id>
        <mass>2.000000</mass>
        <velocity>
            <x>0.000000</x>
            <y>0.000000</y>
        </velocity>
        <forces>
            <x>0.000000</x>
            <y>0.000000</y>
        </forces>
        <position>
            <x>-7959.457892</x>
            <y>64053.958856</y>
        </position>
    </ai10>
    <ai11>
        <id>ai</id>
        <mass>2.000000</mass>
        <velocity>
            <x>0.000000</x>
            <y>0.000000</y>
        </velocity>
        <forces>
            <x>0.000000</x>
            <y>0.000000</y>
        </forces>
        <position>
            <x>-77206.723889</x>
            <y>53844.117775</y>
        </position>
    </ai11>
    <ai12>
        <id>ai</id>
        <mass>2.000000</mass>
        <velocity>
            <x>0.000000</x>
            <y>0.000000</y>
        </velocity>
        <forces>
            <x>0.000000</x>
            <y>0.000000</y>
        </forces>
        <position>
            <x>32807.840728</x>
            <y>19644.526683</y>
        </position>
    </ai12>
    <ai13>
        <id>ai</id>
        <mass>2.000000</mass>
        <velocity>
            <x>0.000000</x>
            <y>0.000000</y>
        </velocity>
        <forces>
            <x>0.000000</x>
            <y>0.000000</y>
        </forces>
        <position>
            <x>-8175.431105</x>
            <y>-65316.784505</y>
        </position>
    </ai13>
    <ai14>
        <id>ai</id>
        <mass>2.000000</mass>
        <velocity>
            <x>0.000000</x>
            <y>0.000000</y>
        </velocity>
        <forces>
            <x>0.000000</x>
            <y>0.000000</y>
        </forces>
        <position>
            <x>-10050.292700</x>
            <y>64851.189247</y>
        </position>
    </ai14>
    <ai15>
        <id>ai</id>
        <mass>2.000000</mass>
        <velocity>
            <x>0.000000</x>
            <y>0.000000</y>
        </velocity>
        <forces>
            <x>0.000000</x>
            <y>0.000000</y>
        </forces>
        <position>
            <x>22657.221440</x>
            <y>40138.185228</y>
        </position>
    </ai15>
    <ai16>
        <id>ai</id>
        <mass>2.000000</mass>
        <velocity>
            <x>0.000000</x>
            <y>0.000000</y>
        </velocity>
        <forces>
            <x>0.000000</x>
            <y>0.000000</y>
        </forces>
        <position>
            <x>-32676.964729</x>
            <y>-70197.019119</y>
        </position>
    </ai16>
    <ai17>
        <id>ai</id>
        <mass>2.000000</mass>
        <velocity>
            <x>0.000000</x>
            <y>0.000000</y>
        </velocity>
        <forces>
            <x>0.000000</x>
            <y>0.000000</y>
        </forces>
        <position>
            <x>14738.768151</x>
            <y>-50489.762922</y>
        </position>
    </ai17>
</ai>
<base>
    <base0>
        <id>base</id>
        <mass>9000.000000</mass>
        <velocity>
            <x>0.000000</x>
            <y>0.000000</y>
        </velocity>
        <forces>
            <x>0.000000</x>
            <y>0.000000</y>
        </forces>
        <position>
            <x>8000.000000</x>
            <y>0.000000</y>
        </position>
    </base0>
</base>
<hud_base_pointer>
    <hud_base_pointer0>
        <id>hud_base_pointer</id>
    </hud_base_pointer0>
</hud_base_pointer>
<hud_fuel>
    <hud_fuel0>
        <id>hud_fuel</id>
    </hud_fuel0>
</hud_fuel>
<hud_fuel_container>
    <hud_fuel_container0>
        <id>hud_fuel_container</id>
    </hud_fuel_container0>
</hud_fuel_container>
<hud_life>
    <hud_life0>
        <id>hud_life</id>
    </hud_life0>
</hud_life>
<hud_life_container>
    <hud_life_container0>
        <id>hud_life_container</id>
    </hud_life_container0>
</hud_life_container>
<hud_obj_pointer>
    <hud_obj_pointer0>
        <id>hud_obj_pointer</id>
    </hud_obj_pointer0>
</hud_obj_pointer>
<objective_1>
    <objective_10>
        <id>objective_1</id>
        <mass>1.000000</mass>
        <velocity>
            <x>0.000000</x>
            <y>0.000000</y>
        </velocity>
        <forces>
            <x>0.000000</x>
            <y>0.000000</y>
        </forces>
        <position>
            <x>8000.000000</x>
            <y>0.000000</y>
        </position>
    </objective_10>
</objective_1>
<objective_2>
    <objective_20>
        <id>objective_2</id>
        <mass>1.000000</mass>
        <velocity>
            <x>0.000000</x>
            <y>0.000000</y>
        </velocity>
        <forces>
            <x>0.000000</x>
            <y>0.000000</y>
        </forces>
        <position>
            <x>0.000000</x>
            <y>2000.000000</y>
        </position>
    </objective_20>
</objective_2>
<objective_3>
    <objective_30>
        <id>objective_3</id>
        <mass>1.000000</mass>
        <velocity>
            <x>0.000000</x>
            <y>0.000000</y>
        </velocity>
        <forces>
            <x>0.000000</x>
            <y>0.000000</y>
        </forces>
        <position>
            <x>4000.000000</x>
            <y>-4000.000000</y>
        </position>
    </objective_30>
</objective_3>
<planet>
    <planet0>
        <id>planet10</id>
        <mass>0.562000</mass>
        <velocity>
            <x>0.000000</x>
            <y>0.000000</y>
        </velocity>
        <forces>
            <x>0.000000</x>
            <y>0.000000</y>
        </forces>
        <position>
            <x>-37816.237626</x>
            <y>330.944782</y>
        </position>
        <sprite>saves/save1/star1planet0.bmp</sprite>
    </planet0>
    <planet1>
        <id>planet11</id>
        <mass>0.070000</mass>
        <velocity>
            <x>0.000000</x>
            <y>0.000000</y>
        </velocity>
        <forces>
            <x>0.000000</x>
            <y>0.000000</y>
        </forces>
        <position>
            <x>-42147.206151</x>
            <y>346.062775</y>
        </position>
        <sprite>saves/save1/star1planet1.bmp</sprite>
    </planet1>
    <planet2>
        <id>planet12</id>
        <mass>0.146000</mass>
        <velocity>
            <x>0.000000</x>
            <y>0.000000</y>
        </velocity>
        <forces>
            <x>0.000000</x>
            <y>0.000000</y>
        </forces>
        <position>
            <x>-34335.703582</x>
            <y>-1513.458953</y>
        </position>
        <sprite>saves/save1/star1planet2.bmp</sprite>
    </planet2>
    <planet3>
        <id>planet13</id>
        <mass>0.664000</mass>
        <velocity>
            <x>0.000000</x>
            <y>0.000000</y>
        </velocity>
        <forces>
            <x>0.000000</x>
            <y>0.000000</y>
        </forces>
        <position>
            <x>-31554.903835</x>
            <y>-6285.602095</y>
        </position>
        <sprite>saves/save1/star1planet3.bmp</sprite>
    </planet3>
    <planet4>
        <id>planet14</id>
        <mass>0.242000</mass>
        <velocity>
            <x>0.000000</x>
            <y>0.000000</y>
        </velocity>
        <forces>
            <x>0.000000</x>
            <y>0.000000</y>
        </forces>
        <position>
            <x>-35428.018952</x>
            <y>-15330.975526</y>
        </position>
        <sprite>saves/save1/star1planet4.bmp</sprite>
    </planet4>
    <planet5>
        <id>planet15</id>
        <mass>0.562000</mass>
        <velocity>
            <x>0.000000</x>
            <y>0.000000</y>
        </velocity>
        <forces>
            <x>0.000000</x>
            <y>0.000000</y>
        </forces>
        <position>
            <x>47599.678945</x>
            <y>17357.153235</y>
        </position>
        <sprite>saves/save1/star2planet0.bmp</sprite>
    </planet5>
    <planet6>
        <id>planet16</id>
        <mass>0.358000</mass>
        <velocity>
            <x>0.000000</x>
            <y>0.000000</y>
        </velocity>
        <forces>
            <x>0.000000</x>
            <y>0.000000</y>
        </forces>
        <position>
            <x>48368.270961</x>
            <y>12786.284814</y>
        </position>
        <sprite>saves/save1/star2planet1.bmp</sprite>
    </planet6>
    <planet7>
        <id>planet17</id>
        <mass>0.110000</mass>
        <velocity>
            <x>0.000000</x>
            <y>0.000000</y>
        </velocity>
        <forces>
            <x>0.000000</x>
            <y>0.000000</y>
        </forces>
        <position>
            <x>47578.176045</x>
            <y>15777.731042</y>
        </position>
        <sprite>saves/save1/star2planet2.bmp</sprite>
    </planet7>
    <planet8>
        <id>planet18</id>
        <mass>0.314000</mass>
        <velocity>
            <x>0.000000</x>
            <y>0.000000</y>
        </velocity>
        <forces>
            <x>0.000000</x>
            <y>0.000000</y>
        </forces>
        <position>
            <x>55839.909499</x>
            <y>25074.971366</y>
        </position>
        <sprite>saves/save1/star2planet3.bmp</sprite>
    </planet8>
    <planet9>
        <id>planet19</id>
        <mass>0.452000</mass>
        <velocity>
            <x>0.000000</x>
            <y>0.000000</y>
        </velocity>
        <forces>
            <x>0.000000</x>
            <y>0.000000</y>
        </forces>
        <position>
            <x>50074.667606</x>
            <y>22548.406399</y>
        </position>
        <sprite>saves/save1/star2planet4.bmp</sprite>
    </planet9>
    <planet10>
        <id>planet20</id>
        <mass>0.114000</mass>
        <velocity>
            <x>0.000000</x>
            <y>0.000000</y>
        </velocity>
        <forces>
            <x>0.000000</x>
            <y>0.000000</y>
        </forces>
        <position>
            <x>57536.510729</x>
            <y>7925.803779</y>
        </position>
        <sprite>saves/save1/star2planet5.bmp</sprite>
    </planet10>
    <planet11>
        <id>planet21</id>
        <mass>0.362000</mass>
        <velocity>
            <x>0.000000</x>
            <y>0.000000</y>
        </velocity>
        <forces>
            <x>0.000000</x>
            <y>0.000000</y>
        </forces>
        <position>
            <x>56788.390759</x>
            <y>25060.568174</y>
        </position>
        <sprite>saves/save1/star2planet6.bmp</sprite>
    </planet11>
    <planet12>
        <id>planet22</id>
        <mass>0.528000</mass>
        <velocity>
            <x>0.000000</x>
            <y>0.000000</y>
        </velocity>
        <forces>
            <x>0.000000</x>
            <y>0.000000</y>
        </forces>
        <position>
            <x>57196.303995</x>
            <y>25022.152677</y>
        </position>
        <sprite>saves/save1/star2planet7.bmp</sprite>
    </planet12>
    <planet13>
        <id>planet23</id>
        <mass>0.084000</mass>
        <velocity>
            <x>0.000000</x>
            <y>0.000000</y>
        </velocity>
        <forces>
            <x>0.000000</x>
            <y>0.000000</y>
        </forces>
        <position>
            <x>59349.501906</x>
            <y>8420.761862</y>
        </position>
        <sprite>saves/save1/star2planet8.bmp</sprite>
    </planet13>
    <planet14>
        <id>planet24</id>
        <mass>0.282000</mass>
        <velocity>
            <x>0.000000</x>
            <y>0.000000</y>
        </velocity>
        <forces>
            <x>0.000000</x>
            <y>0.000000</y>
        </forces>
        <position>
            <x>56561.291387</x>
            <y>25073.523458</y>
        </position>
        <sprite>saves/save1/star2planet9.bmp</sprite>
    </planet14>
    <planet15>
        <id>planet25</id>
        <mass>0.676000</mass>
        <velocity>
            <x>0.000000</x>
            <y>0.000000</y>
        </velocity>
        <forces>
            <x>0.000000</x>
            <y>0.000000</y>
        </forces>
        <position>
            <x>64541.614085</x>
            <y>14296.605814</y>
        </position>
        <sprite>saves/save1/star2planet10.bmp</sprite>
    </planet15>
    <planet16>
        <id>planet26</id>
        <mass>0.302000</mass>
        <velocity>
            <x>0.000000</x>
            <y>0.000000</y>
        </velocity>
        <forces>
            <x>0.000000</x>
            <y>0.000000</y>
        </forces>
        <position>
            <x>47576.444401</x>
            <y>15800.261461</y>
        </position>
        <sprite>saves/save1/star2planet11.bmp</sprite>
    </planet16>
    <planet17>
        <id>planet27</id>
        <mass>0.308000</mass>
        <velocity>
            <x>0.000000</x>
            <y>0.000000</y>
        </velocity>
        <forces>
            <x>0.000000</x>
            <y>0.000000</y>
        </forces>
        <position>
            <x>62682.621381</x>
            <y>22130.157496</y>
        </position>
        <sprite>saves/save1/star2planet12.bmp</sprite>
    </planet17>
    <planet18>
        <id>planet20</id>
        <mass>0.562000</mass>
        <velocity>
            <x>0.000000</x>
            <y>0.000000</y>
        </velocity>
        <forces>
            <x>0.000000</x>
            <y>0.000000</y>
        </forces>
        <position>
            <x>-25362.907497</x>
            <y>-9636.585423</y>
        </position>
        <sprite>saves/save1/star3planet0.bmp</sprite>
    </planet18>
    <planet19>
        <id>planet21</id>
        <mass>0.062000</mass>
        <velocity>
            <x>0.000000</x>
            <y>0.000000</y>
        </velocity>
        <forces>
            <x>0.000000</x>
            <y>0.000000</y>
        </forces>
        <position>
            <x>-32322.489905</x>
            <y>-5858.626832</y>
        </position>
        <sprite>saves/save1/star3planet1.bmp</sprite>
    </planet19>
    <planet20>
        <id>planet22</id>
        <mass>0.152000</mass>
        <velocity>
            <x>0.000000</x>
            <y>0.000000</y>
        </velocity>
        <forces>
            <x>0.000000</x>
            <y>0.000000</y>
        </forces>
        <position>
            <x>-19768.161565</x>
            <y>5714.009029</y>
        </position>
        <sprite>saves/save1/star3planet2.bmp</sprite>
    </planet20>
    <planet21>
        <id>planet23</id>
        <mass>0.304000</mass>
        <velocity>
            <x>0.000000</x>
            <y>0.000000</y>
        </velocity>
        <forces>
            <x>0.000000</x>
            <y>0.000000</y>
        </forces>
        <position>
            <x>-33804.863348</x>
            <y>-588.446441</y>
        </position>
        <sprite>saves/save1/star3planet3.bmp</sprite>
    </planet21>
    <planet22>
        <id>planet25</id>
        <mass>0.562000</mass>
        <velocity>
            <x>0.000000</x>
            <y>0.000000</y>
        </velocity>
        <forces>
            <x>0.000000</x>
            <y>0.000000</y>
        </forces>
        <position>
            <x>-109623.187002</x>
            <y>52380.660231</y>
        </position>
        <sprite>saves/save1/star4planet0.bmp</sprite>
    </planet22>
    <planet23>
        <id>planet26</id>
        <mass>0.152000</mass>
        <velocity>
            <x>0.000000</x>
            <y>0.000000</y>
        </velocity>
        <forces>
            <x>0.000000</x>
            <y>0.000000</y>
        </forces>
        <position>
            <x>-108072.430331</x>
            <y>52629.328815</y>
        </position>
        <sprite>saves/save1/star4planet1.bmp</sprite>
    </planet23>
    <planet24>
        <id>planet27</id>
        <mass>0.578000</mass>
        <velocity>
            <x>0.000000</x>
            <y>0.000000</y>
        </velocity>
        <forces>
            <x>0.000000</x>
            <y>0.000000</y>
        </forces>
        <position>
            <x>-99030.884686</x>
            <y>45748.995360</y>
        </position>
        <sprite>saves/save1/star4planet2.bmp</sprite>
    </planet24>
    <planet25>
        <id>planet28</id>
        <mass>0.186000</mass>
        <velocity>
            <x>0.000000</x>
            <y>0.000000</y>
        </velocity>
        <forces>
            <x>0.000000</x>
            <y>0.000000</y>
        </forces>
        <position>
            <x>-102903.999803</x>
            <y>36703.621929</y>
        </position>
        <sprite>saves/save1/star4planet3.bmp</sprite>
    </planet25>
    <planet26>
        <id>planet_Omega</id>
        <mass>0.414000</mass>
        <velocity>
            <x>0.000000</x>
            <y>0.000000</y>
        </velocity>
        <forces>
            <x>0.000000</x>
            <y>0.000000</y>
        </forces>
        <position>
            <x>-114753.512328</x>
            <y>39359.902945</y>
        </position>
        <sprite>saves/save1/star4planet4.bmp</sprite>
    </planet26>
    <planet27>
        <id>planet30</id>
        <mass>0.616000</mass>
        <velocity>
            <x>0.000000</x>
            <y>0.000000</y>
        </velocity>
        <forces>
            <x>0.000000</x>
            <y>0.000000</y>
        </forces>
        <position>
            <x>-105488.031895</x>
            <y>52414.581865</y>
        </position>
        <sprite>saves/save1/star4planet5.bmp</sprite>
    </planet27>
</planet>
<player>
    <player0>
        <id>player</id>
        <mass>4.000000</mass>
        <velocity>
            <x>0.000000</x>
            <y>0.000000</y>
        </velocity>
        <forces>
            <x>0.000000</x>
            <y>0.000000</y>
        </forces>
        <position>
            <x>5.000000</x>
            <y>0.000000</y>
        </position>
    </player0>
</player>
<star>
    <star0>
        <id>planet0</id>
        <mass>5994.000000</mass>
        <velocity>
            <x>0.000000</x>
            <y>0.000000</y>
        </velocity>
        <forces>
            <x>0.000000</x>
            <y>0.000000</y>
        </forces>
        <position>
            <x>-40004.886620</x>
            <y>-8015.550293</y>
        </position>
    </star0>
    <star1>
        <id>planet1</id>
        <mass>3862.800000</mass>
        <velocity>
            <x>0.000000</x>
            <y>0.000000</y>
        </velocity>
        <forces>
            <x>0.000000</x>
            <y>0.000000</y>
        </forces>
        <position>
            <x>56174.865089</x>
            <y>16447.967758</y>
        </position>
    </star1>
    <star2>
        <id>planet2</id>
        <mass>3196.800000</mass>
        <velocity>
            <x>0.000000</x>
            <y>0.000000</y>
        </velocity>
        <forces>
            <x>0.000000</x>
            <y>0.000000</y>
        </forces>
        <position>
            <x>-25179.874882</x>
            <y>-1006.926470</y>
        </position>
    </star2>
    <star3>
        <id>planet3</id>
        <mass>2064.600000</mass>
        <velocity>
            <x>0.000000</x>
            <y>0.000000</y>
        </velocity>
        <forces>
            <x>0.000000</x>
            <y>0.000000</y>
        </forces>
        <position>
            <x>-107470.747592</x>
            <y>44011.243144</y>
        </position>
    </star3>
</star>
