<player>
	<main>
		<position>
			<x>3000</x>
			<y>200</y>
		</position>
	</main>
</player>
<!--<ai>
	<a>
		<position>
			<x>300</x>
			<y>200</y>
		</position>
	</a>
</ai>-->
<base>
	<a1>
	</a1>
</base>
<planet>
	<aa>
		<id>planet_1</id>
	</aa>
	<planet>
	</planet>
</planet>
<!-- 
PAS TOUCHER AUX SECTIONS APRÈS CECI
-->
<hud_base_pointer>
	<a></a>
</hud_base_pointer>
<hud_fuel>
	<a></a>
</hud_fuel>
<hud_fuel_container>
	<a></a>
</hud_fuel_container>
<hud_life>
	<a></a>
</hud_life>
<hud_life_container>
	<a></a>
</hud_life_container>
<hud_obj_pointer>
	<a></a>
</hud_obj_pointer>
<objective_1><a></a></objective_1>
<objective_2><a></a></objective_2>
<objective_3><a></a></objective_3>



