<ai>
    <ai0>
        <id>ai</id>
        <mass>2.000000</mass>
        <velocity>
            <x>0.000000</x>
            <y>0.000000</y>
        </velocity>
        <forces>
            <x>0.000000</x>
            <y>0.000000</y>
        </forces>
        <position>
            <x>-127693.195304</x>
            <y>22797.578858</y>
        </position>
    </ai0>
    <ai1>
        <id>ai</id>
        <mass>2.000000</mass>
        <velocity>
            <x>0.000000</x>
            <y>0.000000</y>
        </velocity>
        <forces>
            <x>0.000000</x>
            <y>0.000000</y>
        </forces>
        <position>
            <x>-119117.804281</x>
            <y>187079.612871</y>
        </position>
    </ai1>
    <ai2>
        <id>ai</id>
        <mass>2.000000</mass>
        <velocity>
            <x>0.000000</x>
            <y>0.000000</y>
        </velocity>
        <forces>
            <x>0.000000</x>
            <y>0.000000</y>
        </forces>
        <position>
            <x>13970.746628</x>
            <y>153769.761909</y>
        </position>
    </ai2>
    <ai3>
        <id>ai</id>
        <mass>2.000000</mass>
        <velocity>
            <x>0.000000</x>
            <y>0.000000</y>
        </velocity>
        <forces>
            <x>0.000000</x>
            <y>0.000000</y>
        </forces>
        <position>
            <x>-30974.722779</x>
            <y>192490.351727</y>
        </position>
    </ai3>
    <ai4>
        <id>ai</id>
        <mass>2.000000</mass>
        <velocity>
            <x>0.000000</x>
            <y>0.000000</y>
        </velocity>
        <forces>
            <x>0.000000</x>
            <y>0.000000</y>
        </forces>
        <position>
            <x>-127369.543065</x>
            <y>22561.864794</y>
        </position>
    </ai4>
    <ai5>
        <id>ai</id>
        <mass>2.000000</mass>
        <velocity>
            <x>0.000000</x>
            <y>0.000000</y>
        </velocity>
        <forces>
            <x>0.000000</x>
            <y>0.000000</y>
        </forces>
        <position>
            <x>-83876.546586</x>
            <y>62932.863566</y>
        </position>
    </ai5>
    <ai6>
        <id>ai</id>
        <mass>2.000000</mass>
        <velocity>
            <x>0.000000</x>
            <y>0.000000</y>
        </velocity>
        <forces>
            <x>0.000000</x>
            <y>0.000000</y>
        </forces>
        <position>
            <x>-80962.029923</x>
            <y>118767.370040</y>
        </position>
    </ai6>
    <ai7>
        <id>ai</id>
        <mass>2.000000</mass>
        <velocity>
            <x>0.000000</x>
            <y>0.000000</y>
        </velocity>
        <forces>
            <x>0.000000</x>
            <y>0.000000</y>
        </forces>
        <position>
            <x>-35729.247153</x>
            <y>107446.356757</y>
        </position>
    </ai7>
    <ai8>
        <id>ai</id>
        <mass>2.000000</mass>
        <velocity>
            <x>0.000000</x>
            <y>0.000000</y>
        </velocity>
        <forces>
            <x>0.000000</x>
            <y>0.000000</y>
        </forces>
        <position>
            <x>-51004.856064</x>
            <y>120606.316919</y>
        </position>
    </ai8>
    <ai9>
        <id>ai</id>
        <mass>2.000000</mass>
        <velocity>
            <x>0.000000</x>
            <y>0.000000</y>
        </velocity>
        <forces>
            <x>0.000000</x>
            <y>0.000000</y>
        </forces>
        <position>
            <x>-83766.546955</x>
            <y>62852.751468</y>
        </position>
    </ai9>
    <ai10>
        <id>ai</id>
        <mass>2.000000</mass>
        <velocity>
            <x>0.000000</x>
            <y>0.000000</y>
        </velocity>
        <forces>
            <x>0.000000</x>
            <y>0.000000</y>
        </forces>
        <position>
            <x>-97137.555614</x>
            <y>95200.825266</y>
        </position>
    </ai10>
    <ai11>
        <id>ai</id>
        <mass>2.000000</mass>
        <velocity>
            <x>0.000000</x>
            <y>0.000000</y>
        </velocity>
        <forces>
            <x>0.000000</x>
            <y>0.000000</y>
        </forces>
        <position>
            <x>-84981.452690</x>
            <y>116016.588678</y>
        </position>
    </ai11>
    <ai12>
        <id>ai</id>
        <mass>2.000000</mass>
        <velocity>
            <x>0.000000</x>
            <y>0.000000</y>
        </velocity>
        <forces>
            <x>0.000000</x>
            <y>0.000000</y>
        </forces>
        <position>
            <x>-32190.154988</x>
            <y>99605.663443</y>
        </position>
    </ai12>
    <ai13>
        <id>ai</id>
        <mass>2.000000</mass>
        <velocity>
            <x>0.000000</x>
            <y>0.000000</y>
        </velocity>
        <forces>
            <x>0.000000</x>
            <y>0.000000</y>
        </forces>
        <position>
            <x>-108990.558322</x>
            <y>33190.920342</y>
        </position>
    </ai13>
    <ai14>
        <id>ai</id>
        <mass>2.000000</mass>
        <velocity>
            <x>0.000000</x>
            <y>0.000000</y>
        </velocity>
        <forces>
            <x>0.000000</x>
            <y>0.000000</y>
        </forces>
        <position>
            <x>-102253.761810</x>
            <y>162250.298611</y>
        </position>
    </ai14>
    <ai15>
        <id>ai</id>
        <mass>2.000000</mass>
        <velocity>
            <x>0.000000</x>
            <y>0.000000</y>
        </velocity>
        <forces>
            <x>0.000000</x>
            <y>0.000000</y>
        </forces>
        <position>
            <x>2300.127715</x>
            <y>136082.198848</y>
        </position>
    </ai15>
    <ai16>
        <id>ai</id>
        <mass>2.000000</mass>
        <velocity>
            <x>0.000000</x>
            <y>0.000000</y>
        </velocity>
        <forces>
            <x>0.000000</x>
            <y>0.000000</y>
        </forces>
        <position>
            <x>-33008.872277</x>
            <y>166500.955702</y>
        </position>
    </ai16>
    <ai17>
        <id>ai</id>
        <mass>2.000000</mass>
        <velocity>
            <x>0.000000</x>
            <y>0.000000</y>
        </velocity>
        <forces>
            <x>0.000000</x>
            <y>0.000000</y>
        </forces>
        <position>
            <x>-100613.403805</x>
            <y>40894.252063</y>
        </position>
    </ai17>
    <ai18>
        <id>ai</id>
        <mass>2.000000</mass>
        <velocity>
            <x>0.000000</x>
            <y>0.000000</y>
        </velocity>
        <forces>
            <x>0.000000</x>
            <y>0.000000</y>
        </forces>
        <position>
            <x>-95686.970577</x>
            <y>135271.810956</y>
        </position>
    </ai18>
    <ai19>
        <id>ai</id>
        <mass>2.000000</mass>
        <velocity>
            <x>0.000000</x>
            <y>0.000000</y>
        </velocity>
        <forces>
            <x>0.000000</x>
            <y>0.000000</y>
        </forces>
        <position>
            <x>-19229.598796</x>
            <y>116135.802324</y>
        </position>
    </ai19>
    <ai20>
        <id>ai</id>
        <mass>2.000000</mass>
        <velocity>
            <x>0.000000</x>
            <y>0.000000</y>
        </velocity>
        <forces>
            <x>0.000000</x>
            <y>0.000000</y>
        </forces>
        <position>
            <x>-45050.095307</x>
            <y>138380.199089</y>
        </position>
    </ai20>
    <ai21>
        <id>ai</id>
        <mass>2.000000</mass>
        <velocity>
            <x>0.000000</x>
            <y>0.000000</y>
        </velocity>
        <forces>
            <x>0.000000</x>
            <y>0.000000</y>
        </forces>
        <position>
            <x>-39484.990914</x>
            <y>-69371.803813</y>
        </position>
    </ai21>
    <ai22>
        <id>ai</id>
        <mass>2.000000</mass>
        <velocity>
            <x>0.000000</x>
            <y>0.000000</y>
        </velocity>
        <forces>
            <x>0.000000</x>
            <y>0.000000</y>
        </forces>
        <position>
            <x>-30909.599891</x>
            <y>94910.230200</y>
        </position>
    </ai22>
    <ai23>
        <id>ai</id>
        <mass>2.000000</mass>
        <velocity>
            <x>0.000000</x>
            <y>0.000000</y>
        </velocity>
        <forces>
            <x>0.000000</x>
            <y>0.000000</y>
        </forces>
        <position>
            <x>102178.951018</x>
            <y>61600.379238</y>
        </position>
    </ai23>
    <ai24>
        <id>ai</id>
        <mass>2.000000</mass>
        <velocity>
            <x>0.000000</x>
            <y>0.000000</y>
        </velocity>
        <forces>
            <x>0.000000</x>
            <y>0.000000</y>
        </forces>
        <position>
            <x>57233.481611</x>
            <y>100320.969056</y>
        </position>
    </ai24>
    <ai25>
        <id>ai</id>
        <mass>2.000000</mass>
        <velocity>
            <x>0.000000</x>
            <y>0.000000</y>
        </velocity>
        <forces>
            <x>0.000000</x>
            <y>0.000000</y>
        </forces>
        <position>
            <x>-39161.338675</x>
            <y>-69607.517877</y>
        </position>
    </ai25>
    <ai26>
        <id>ai</id>
        <mass>2.000000</mass>
        <velocity>
            <x>0.000000</x>
            <y>0.000000</y>
        </velocity>
        <forces>
            <x>0.000000</x>
            <y>0.000000</y>
        </forces>
        <position>
            <x>-78502.897112</x>
            <y>25570.315608</y>
        </position>
    </ai26>
    <ai27>
        <id>ai</id>
        <mass>2.000000</mass>
        <velocity>
            <x>0.000000</x>
            <y>0.000000</y>
        </velocity>
        <forces>
            <x>0.000000</x>
            <y>0.000000</y>
        </forces>
        <position>
            <x>-42735.959420</x>
            <y>86816.598038</y>
        </position>
    </ai27>
    <ai28>
        <id>ai</id>
        <mass>2.000000</mass>
        <velocity>
            <x>0.000000</x>
            <y>0.000000</y>
        </velocity>
        <forces>
            <x>0.000000</x>
            <y>0.000000</y>
        </forces>
        <position>
            <x>112592.032394</x>
            <y>38530.684043</y>
        </position>
    </ai28>
    <ai29>
        <id>ai</id>
        <mass>2.000000</mass>
        <velocity>
            <x>0.000000</x>
            <y>0.000000</y>
        </velocity>
        <forces>
            <x>0.000000</x>
            <y>0.000000</y>
        </forces>
        <position>
            <x>-14574.186299</x>
            <y>102509.438138</y>
        </position>
    </ai29>
    <ai30>
        <id>ai</id>
        <mass>2.000000</mass>
        <velocity>
            <x>0.000000</x>
            <y>0.000000</y>
        </velocity>
        <forces>
            <x>0.000000</x>
            <y>0.000000</y>
        </forces>
        <position>
            <x>52081.246197</x>
            <y>102357.324972</y>
        </position>
    </ai30>
    <ai31>
        <id>ai</id>
        <mass>2.000000</mass>
        <velocity>
            <x>0.000000</x>
            <y>0.000000</y>
        </velocity>
        <forces>
            <x>0.000000</x>
            <y>0.000000</y>
        </forces>
        <position>
            <x>98260.518061</x>
            <y>67465.387715</y>
        </position>
    </ai31>
    <ai32>
        <id>ai</id>
        <mass>2.000000</mass>
        <velocity>
            <x>0.000000</x>
            <y>0.000000</y>
        </velocity>
        <forces>
            <x>0.000000</x>
            <y>0.000000</y>
        </forces>
        <position>
            <x>3582.994491</x>
            <y>-17698.097949</y>
        </position>
    </ai32>
    <ai33>
        <id>ai</id>
        <mass>2.000000</mass>
        <velocity>
            <x>0.000000</x>
            <y>0.000000</y>
        </velocity>
        <forces>
            <x>0.000000</x>
            <y>0.000000</y>
        </forces>
        <position>
            <x>6325.916526</x>
            <y>34849.104839</y>
        </position>
    </ai33>
    <ai34>
        <id>ai</id>
        <mass>2.000000</mass>
        <velocity>
            <x>0.000000</x>
            <y>0.000000</y>
        </velocity>
        <forces>
            <x>0.000000</x>
            <y>0.000000</y>
        </forces>
        <position>
            <x>48895.581039</x>
            <y>24194.625767</y>
        </position>
    </ai34>
    <ai35>
        <id>ai</id>
        <mass>2.000000</mass>
        <velocity>
            <x>0.000000</x>
            <y>0.000000</y>
        </velocity>
        <forces>
            <x>0.000000</x>
            <y>0.000000</y>
        </forces>
        <position>
            <x>34519.336493</x>
            <y>36579.782168</y>
        </position>
    </ai35>
    <ai36>
        <id>ai</id>
        <mass>2.000000</mass>
        <velocity>
            <x>0.000000</x>
            <y>0.000000</y>
        </velocity>
        <forces>
            <x>0.000000</x>
            <y>0.000000</y>
        </forces>
        <position>
            <x>3686.517801</x>
            <y>-17773.493380</y>
        </position>
    </ai36>
    <ai37>
        <id>ai</id>
        <mass>2.000000</mass>
        <velocity>
            <x>0.000000</x>
            <y>0.000000</y>
        </velocity>
        <forces>
            <x>0.000000</x>
            <y>0.000000</y>
        </forces>
        <position>
            <x>-8897.261440</x>
            <y>12670.060276</y>
        </position>
    </ai37>
    <ai38>
        <id>ai</id>
        <mass>2.000000</mass>
        <velocity>
            <x>0.000000</x>
            <y>0.000000</y>
        </velocity>
        <forces>
            <x>0.000000</x>
            <y>0.000000</y>
        </forces>
        <position>
            <x>2543.140667</x>
            <y>32260.278051</y>
        </position>
    </ai38>
    <ai39>
        <id>ai</id>
        <mass>2.000000</mass>
        <velocity>
            <x>0.000000</x>
            <y>0.000000</y>
        </velocity>
        <forces>
            <x>0.000000</x>
            <y>0.000000</y>
        </forces>
        <position>
            <x>52226.306166</x>
            <y>16815.559888</y>
        </position>
    </ai39>
    <ai40>
        <id>ai</id>
        <mass>2.000000</mass>
        <velocity>
            <x>0.000000</x>
            <y>0.000000</y>
        </velocity>
        <forces>
            <x>0.000000</x>
            <y>0.000000</y>
        </forces>
        <position>
            <x>11550.957084</x>
            <y>37279.785241</y>
        </position>
    </ai40>
    <ai41>
        <id>ai</id>
        <mass>2.000000</mass>
        <velocity>
            <x>0.000000</x>
            <y>0.000000</y>
        </velocity>
        <forces>
            <x>0.000000</x>
            <y>0.000000</y>
        </forces>
        <position>
            <x>32871.343998</x>
            <y>37231.130369</y>
        </position>
    </ai41>
    <ai42>
        <id>ai</id>
        <mass>2.000000</mass>
        <velocity>
            <x>0.000000</x>
            <y>0.000000</y>
        </velocity>
        <forces>
            <x>0.000000</x>
            <y>0.000000</y>
        </forces>
        <position>
            <x>47642.232233</x>
            <y>26070.605643</y>
        </position>
    </ai42>
    <ai43>
        <id>ai</id>
        <mass>2.000000</mass>
        <velocity>
            <x>0.000000</x>
            <y>0.000000</y>
        </velocity>
        <forces>
            <x>0.000000</x>
            <y>0.000000</y>
        </forces>
        <position>
            <x>22653.017952</x>
            <y>-23757.362473</y>
        </position>
    </ai43>
    <ai44>
        <id>ai</id>
        <mass>2.000000</mass>
        <velocity>
            <x>0.000000</x>
            <y>0.000000</y>
        </velocity>
        <forces>
            <x>0.000000</x>
            <y>0.000000</y>
        </forces>
        <position>
            <x>12372.953134</x>
            <y>-12893.374926</y>
        </position>
    </ai44>
    <ai45>
        <id>ai</id>
        <mass>2.000000</mass>
        <velocity>
            <x>0.000000</x>
            <y>0.000000</y>
        </velocity>
        <forces>
            <x>0.000000</x>
            <y>0.000000</y>
        </forces>
        <position>
            <x>15488.702894</x>
            <y>46796.230687</y>
        </position>
    </ai45>
    <ai46>
        <id>ai</id>
        <mass>2.000000</mass>
        <velocity>
            <x>0.000000</x>
            <y>0.000000</y>
        </velocity>
        <forces>
            <x>0.000000</x>
            <y>0.000000</y>
        </forces>
        <position>
            <x>63844.587719</x>
            <y>34693.556899</y>
        </position>
    </ai46>
    <ai47>
        <id>ai</id>
        <mass>2.000000</mass>
        <velocity>
            <x>0.000000</x>
            <y>0.000000</y>
        </velocity>
        <forces>
            <x>0.000000</x>
            <y>0.000000</y>
        </forces>
        <position>
            <x>-28524.451202</x>
            <y>-48552.521614</y>
        </position>
    </ai47>
    <ai48>
        <id>ai</id>
        <mass>2.000000</mass>
        <velocity>
            <x>0.000000</x>
            <y>0.000000</y>
        </velocity>
        <forces>
            <x>0.000000</x>
            <y>0.000000</y>
        </forces>
        <position>
            <x>-20626.777126</x>
            <y>102746.230575</y>
        </position>
    </ai48>
    <ai49>
        <id>ai</id>
        <mass>2.000000</mass>
        <velocity>
            <x>0.000000</x>
            <y>0.000000</y>
        </velocity>
        <forces>
            <x>0.000000</x>
            <y>0.000000</y>
        </forces>
        <position>
            <x>-16943.907601</x>
            <y>-32413.124404</y>
        </position>
    </ai49>
    <ai50>
        <id>ai</id>
        <mass>2.000000</mass>
        <velocity>
            <x>0.000000</x>
            <y>0.000000</y>
        </velocity>
        <forces>
            <x>0.000000</x>
            <y>0.000000</y>
        </forces>
        <position>
            <x>-10790.794032</x>
            <y>85464.417270</y>
        </position>
    </ai50>
    <ai51>
        <id>ai</id>
        <mass>2.000000</mass>
        <velocity>
            <x>0.000000</x>
            <y>0.000000</y>
        </velocity>
        <forces>
            <x>0.000000</x>
            <y>0.000000</y>
        </forces>
        <position>
            <x>84704.439519</x>
            <y>61563.548447</y>
        </position>
    </ai51>
    <ai52>
        <id>ai</id>
        <mass>2.000000</mass>
        <velocity>
            <x>0.000000</x>
            <y>0.000000</y>
        </velocity>
        <forces>
            <x>0.000000</x>
            <y>0.000000</y>
        </forces>
        <position>
            <x>52454.647416</x>
            <y>89346.793081</y>
        </position>
    </ai52>
    <ai53>
        <id>ai</id>
        <mass>2.000000</mass>
        <velocity>
            <x>0.000000</x>
            <y>0.000000</y>
        </velocity>
        <forces>
            <x>0.000000</x>
            <y>0.000000</y>
        </forces>
        <position>
            <x>-16711.676909</x>
            <y>-32582.256681</y>
        </position>
    </ai53>
    <ai54>
        <id>ai</id>
        <mass>2.000000</mass>
        <velocity>
            <x>0.000000</x>
            <y>0.000000</y>
        </velocity>
        <forces>
            <x>0.000000</x>
            <y>0.000000</y>
        </forces>
        <position>
            <x>-44940.486116</x>
            <y>35710.841226</y>
        </position>
    </ai54>
    <ai55>
        <id>ai</id>
        <mass>2.000000</mass>
        <velocity>
            <x>0.000000</x>
            <y>0.000000</y>
        </velocity>
        <forces>
            <x>0.000000</x>
            <y>0.000000</y>
        </forces>
        <position>
            <x>-19276.580056</x>
            <y>79656.980881</y>
        </position>
    </ai55>
    <ai56>
        <id>ai</id>
        <mass>2.000000</mass>
        <velocity>
            <x>0.000000</x>
            <y>0.000000</y>
        </velocity>
        <forces>
            <x>0.000000</x>
            <y>0.000000</y>
        </forces>
        <position>
            <x>92176.153886</x>
            <y>45010.314412</y>
        </position>
    </ai56>
    <ai57>
        <id>ai</id>
        <mass>2.000000</mass>
        <velocity>
            <x>0.000000</x>
            <y>0.000000</y>
        </velocity>
        <forces>
            <x>0.000000</x>
            <y>0.000000</y>
        </forces>
        <position>
            <x>930.380521</x>
            <y>90917.088682</y>
        </position>
    </ai57>
    <ai58>
        <id>ai</id>
        <mass>2.000000</mass>
        <velocity>
            <x>0.000000</x>
            <y>0.000000</y>
        </velocity>
        <forces>
            <x>0.000000</x>
            <y>0.000000</y>
        </forces>
        <position>
            <x>48757.755979</x>
            <y>90807.942687</y>
        </position>
    </ai58>
    <ai59>
        <id>ai</id>
        <mass>2.000000</mass>
        <velocity>
            <x>0.000000</x>
            <y>0.000000</y>
        </velocity>
        <forces>
            <x>0.000000</x>
            <y>0.000000</y>
        </forces>
        <position>
            <x>81892.840266</x>
            <y>65771.877040</y>
        </position>
    </ai59>
</ai>
<base>
    <base0>
        <id>base</id>
        <mass>9000.000000</mass>
        <velocity>
            <x>0.000000</x>
            <y>0.000000</y>
        </velocity>
        <forces>
            <x>0.000000</x>
            <y>0.000000</y>
        </forces>
        <position>
            <x>8000.000000</x>
            <y>0.000000</y>
        </position>
    </base0>
</base>
<hud_base_pointer>
    <hud_base_pointer0>
        <id>hud_base_pointer</id>
    </hud_base_pointer0>
</hud_base_pointer>
<hud_fuel>
    <hud_fuel0>
        <id>hud_fuel</id>
    </hud_fuel0>
</hud_fuel>
<hud_fuel_container>
    <hud_fuel_container0>
        <id>hud_fuel_container</id>
    </hud_fuel_container0>
</hud_fuel_container>
<hud_life>
    <hud_life0>
        <id>hud_life</id>
    </hud_life0>
</hud_life>
<hud_life_container>
    <hud_life_container0>
        <id>hud_life_container</id>
    </hud_life_container0>
</hud_life_container>
<hud_obj_pointer>
    <hud_obj_pointer0>
        <id>hud_obj_pointer</id>
    </hud_obj_pointer0>
</hud_obj_pointer>
<objective_1>
    <objective_10>
        <id>objective_1</id>
        <mass>1.000000</mass>
        <velocity>
            <x>0.000000</x>
            <y>0.000000</y>
        </velocity>
        <forces>
            <x>0.000000</x>
            <y>0.000000</y>
        </forces>
        <position>
            <x>8000.000000</x>
            <y>0.000000</y>
        </position>
    </objective_10>
</objective_1>
<objective_2>
    <objective_20>
        <id>objective_2</id>
        <mass>1.000000</mass>
        <velocity>
            <x>0.000000</x>
            <y>0.000000</y>
        </velocity>
        <forces>
            <x>0.000000</x>
            <y>0.000000</y>
        </forces>
        <position>
            <x>0.000000</x>
            <y>2000.000000</y>
        </position>
    </objective_20>
</objective_2>
<objective_3>
    <objective_30>
        <id>objective_3</id>
        <mass>1.000000</mass>
        <velocity>
            <x>0.000000</x>
            <y>0.000000</y>
        </velocity>
        <forces>
            <x>0.000000</x>
            <y>0.000000</y>
        </forces>
        <position>
            <x>4000.000000</x>
            <y>-4000.000000</y>
        </position>
    </objective_30>
</objective_3>
<planet>
    <planet0>
        <id>planet10</id>
        <mass>0.606000</mass>
        <velocity>
            <x>0.000000</x>
            <y>0.000000</y>
        </velocity>
        <forces>
            <x>0.000000</x>
            <y>0.000000</y>
        </forces>
        <position>
            <x>-69665.697069</x>
            <y>102133.421065</y>
        </position>
        <sprite>saves/save3/star1planet0.bmp</sprite>
    </planet0>
    <planet1>
        <id>planet_Omega</id>
        <mass>0.070000</mass>
        <velocity>
            <x>0.000000</x>
            <y>0.000000</y>
        </velocity>
        <forces>
            <x>0.000000</x>
            <y>0.000000</y>
        </forces>
        <position>
            <x>-64154.750801</x>
            <y>89896.722529</y>
        </position>
        <sprite>saves/save3/star1planet1.bmp</sprite>
    </planet1>
    <planet2>
        <id>planet12</id>
        <mass>0.550000</mass>
        <velocity>
            <x>0.000000</x>
            <y>0.000000</y>
        </velocity>
        <forces>
            <x>0.000000</x>
            <y>0.000000</y>
        </forces>
        <position>
            <x>-74375.269830</x>
            <y>102042.581508</y>
        </position>
        <sprite>saves/save3/star1planet2.bmp</sprite>
    </planet2>
    <planet3>
        <id>planet13</id>
        <mass>0.374000</mass>
        <velocity>
            <x>0.000000</x>
            <y>0.000000</y>
        </velocity>
        <forces>
            <x>0.000000</x>
            <y>0.000000</y>
        </forces>
        <position>
            <x>-63404.363278</x>
            <y>95516.874188</y>
        </position>
        <sprite>saves/save3/star1planet3.bmp</sprite>
    </planet3>
    <planet4>
        <id>planet14</id>
        <mass>0.200000</mass>
        <velocity>
            <x>0.000000</x>
            <y>0.000000</y>
        </velocity>
        <forces>
            <x>0.000000</x>
            <y>0.000000</y>
        </forces>
        <position>
            <x>-67277.478395</x>
            <y>86471.500757</y>
        </position>
        <sprite>saves/save3/star1planet4.bmp</sprite>
    </planet4>
    <planet5>
        <id>planet15</id>
        <mass>0.606000</mass>
        <velocity>
            <x>0.000000</x>
            <y>0.000000</y>
        </velocity>
        <forces>
            <x>0.000000</x>
            <y>0.000000</y>
        </forces>
        <position>
            <x>-102.364937</x>
            <y>-57017.779777</y>
        </position>
        <sprite>saves/save3/star2planet0.bmp</sprite>
    </planet5>
    <planet6>
        <id>planet16</id>
        <mass>0.624000</mass>
        <velocity>
            <x>0.000000</x>
            <y>0.000000</y>
        </velocity>
        <forces>
            <x>0.000000</x>
            <y>0.000000</y>
        </forces>
        <position>
            <x>278.400130</x>
            <y>-60610.356487</y>
        </position>
        <sprite>saves/save3/star2planet1.bmp</sprite>
    </planet6>
    <planet7>
        <id>planet17</id>
        <mass>0.110000</mass>
        <velocity>
            <x>0.000000</x>
            <y>0.000000</y>
        </velocity>
        <forces>
            <x>0.000000</x>
            <y>0.000000</y>
        </forces>
        <position>
            <x>-123.867837</x>
            <y>-58597.201970</y>
        </position>
        <sprite>saves/save3/star2planet2.bmp</sprite>
    </planet7>
    <planet8>
        <id>planet20</id>
        <mass>0.606000</mass>
        <velocity>
            <x>0.000000</x>
            <y>0.000000</y>
        </velocity>
        <forces>
            <x>0.000000</x>
            <y>0.000000</y>
        </forces>
        <position>
            <x>18542.507321</x>
            <y>9964.038394</y>
        </position>
        <sprite>saves/save3/star3planet0.bmp</sprite>
    </planet8>
    <planet9>
        <id>planet21</id>
        <mass>0.062000</mass>
        <velocity>
            <x>0.000000</x>
            <y>0.000000</y>
        </velocity>
        <forces>
            <x>0.000000</x>
            <y>0.000000</y>
        </forces>
        <position>
            <x>22143.652906</x>
            <y>7678.241064</y>
        </position>
        <sprite>saves/save3/star3planet1.bmp</sprite>
    </planet9>
    <planet10>
        <id>planet22</id>
        <mass>0.080000</mass>
        <velocity>
            <x>0.000000</x>
            <y>0.000000</y>
        </velocity>
        <forces>
            <x>0.000000</x>
            <y>0.000000</y>
        </forces>
        <position>
            <x>33456.442301</x>
            <y>15932.206403</y>
        </position>
        <sprite>saves/save3/star3planet2.bmp</sprite>
    </planet10>
    <planet11>
        <id>planet23</id>
        <mass>0.304000</mass>
        <velocity>
            <x>0.000000</x>
            <y>0.000000</y>
        </velocity>
        <forces>
            <x>0.000000</x>
            <y>0.000000</y>
        </forces>
        <position>
            <x>16204.004481</x>
            <y>16301.124626</y>
        </position>
        <sprite>saves/save3/star3planet3.bmp</sprite>
    </planet11>
    <planet12>
        <id>planet24</id>
        <mass>0.514000</mass>
        <velocity>
            <x>0.000000</x>
            <y>0.000000</y>
        </velocity>
        <forces>
            <x>0.000000</x>
            <y>0.000000</y>
        </forces>
        <position>
            <x>24917.108177</x>
            <y>24513.373887</y>
        </position>
        <sprite>saves/save3/star3planet4.bmp</sprite>
    </planet12>
    <planet13>
        <id>planet25</id>
        <mass>0.312000</mass>
        <velocity>
            <x>0.000000</x>
            <y>0.000000</y>
        </velocity>
        <forces>
            <x>0.000000</x>
            <y>0.000000</y>
        </forces>
        <position>
            <x>24692.652858</x>
            <y>24512.845025</y>
        </position>
        <sprite>saves/save3/star3planet5.bmp</sprite>
    </planet13>
    <planet14>
        <id>planet25</id>
        <mass>0.606000</mass>
        <velocity>
            <x>0.000000</x>
            <y>0.000000</y>
        </velocity>
        <forces>
            <x>0.000000</x>
            <y>0.000000</y>
        </forces>
        <position>
            <x>-99781.272209</x>
            <y>40128.843701</y>
        </position>
        <sprite>saves/save3/star4planet0.bmp</sprite>
    </planet14>
    <planet15>
        <id>planet26</id>
        <mass>0.080000</mass>
        <velocity>
            <x>0.000000</x>
            <y>0.000000</y>
        </velocity>
        <forces>
            <x>0.000000</x>
            <y>0.000000</y>
        </forces>
        <position>
            <x>-108519.326867</x>
            <y>52587.242040</y>
        </position>
        <sprite>saves/save3/star4planet1.bmp</sprite>
    </planet15>
    <planet16>
        <id>planet27</id>
        <mass>0.514000</mass>
        <velocity>
            <x>0.000000</x>
            <y>0.000000</y>
        </velocity>
        <forces>
            <x>0.000000</x>
            <y>0.000000</y>
        </forces>
        <position>
            <x>-99030.884686</x>
            <y>45748.995360</y>
        </position>
        <sprite>saves/save3/star4planet2.bmp</sprite>
    </planet16>
    <planet17>
        <id>planet28</id>
        <mass>0.186000</mass>
        <velocity>
            <x>0.000000</x>
            <y>0.000000</y>
        </velocity>
        <forces>
            <x>0.000000</x>
            <y>0.000000</y>
        </forces>
        <position>
            <x>-102903.999803</x>
            <y>36703.621929</y>
        </position>
        <sprite>saves/save3/star4planet3.bmp</sprite>
    </planet17>
    <planet18>
        <id>planet29</id>
        <mass>0.566000</mass>
        <velocity>
            <x>0.000000</x>
            <y>0.000000</y>
        </velocity>
        <forces>
            <x>0.000000</x>
            <y>0.000000</y>
        </forces>
        <position>
            <x>-115803.915996</x>
            <y>46325.929632</y>
        </position>
        <sprite>saves/save3/star4planet4.bmp</sprite>
    </planet18>
    <planet19>
        <id>planet30</id>
        <mass>0.616000</mass>
        <velocity>
            <x>0.000000</x>
            <y>0.000000</y>
        </velocity>
        <forces>
            <x>0.000000</x>
            <y>0.000000</y>
        </forces>
        <position>
            <x>-115168.564023</x>
            <y>40081.845747</y>
        </position>
        <sprite>saves/save3/star4planet5.bmp</sprite>
    </planet19>
</planet>
<player>
    <player0>
        <id>player</id>
        <mass>4.000000</mass>
        <velocity>
            <x>0.000000</x>
            <y>0.000000</y>
        </velocity>
        <forces>
            <x>0.000000</x>
            <y>0.000000</y>
        </forces>
        <position>
            <x>5.000000</x>
            <y>0.000000</y>
        </position>
    </player0>
</player>
<star>
    <star0>
        <id>planet0</id>
        <mass>3463.200000</mass>
        <velocity>
            <x>0.000000</x>
            <y>0.000000</y>
        </velocity>
        <forces>
            <x>0.000000</x>
            <y>0.000000</y>
        </forces>
        <position>
            <x>-71849.569361</x>
            <y>93771.657909</y>
        </position>
    </star0>
    <star1>
        <id>planet1</id>
        <mass>3862.800000</mass>
        <velocity>
            <x>0.000000</x>
            <y>0.000000</y>
        </velocity>
        <forces>
            <x>0.000000</x>
            <y>0.000000</y>
        </forces>
        <position>
            <x>8479.975441</x>
            <y>-57915.810688</y>
        </position>
    </star1>
    <star2>
        <id>planet2</id>
        <mass>3196.800000</mass>
        <velocity>
            <x>0.000000</x>
            <y>0.000000</y>
        </velocity>
        <forces>
            <x>0.000000</x>
            <y>0.000000</y>
        </forces>
        <position>
            <x>24821.492741</x>
            <y>15880.111541</y>
        </position>
    </star2>
    <star3>
        <id>planet3</id>
        <mass>2064.600000</mass>
        <velocity>
            <x>0.000000</x>
            <y>0.000000</y>
        </velocity>
        <forces>
            <x>0.000000</x>
            <y>0.000000</y>
        </forces>
        <position>
            <x>-107470.747592</x>
            <y>44011.243144</y>
        </position>
    </star3>
</star>
