<ai>
    <ai0>
        <id>ai</id>
        <mass>2.000000</mass>
        <velocity>
            <x>0.000000</x>
            <y>0.000000</y>
        </velocity>
        <forces>
            <x>0.000000</x>
            <y>0.000000</y>
        </forces>
        <position>
            <x>-34534.736328</x>
            <y>-58225.060929</y>
        </position>
    </ai0>
    <ai1>
        <id>ai</id>
        <mass>2.000000</mass>
        <velocity>
            <x>0.000000</x>
            <y>0.000000</y>
        </velocity>
        <forces>
            <x>0.000000</x>
            <y>0.000000</y>
        </forces>
        <position>
            <x>62695.267970</x>
            <y>-6306.370743</y>
        </position>
    </ai1>
    <ai2>
        <id>ai</id>
        <mass>2.000000</mass>
        <velocity>
            <x>0.000000</x>
            <y>0.000000</y>
        </velocity>
        <forces>
            <x>0.000000</x>
            <y>0.000000</y>
        </forces>
        <position>
            <x>19804.959229</x>
            <y>-64903.150670</y>
        </position>
    </ai2>
    <ai3>
        <id>ai</id>
        <mass>2.000000</mass>
        <velocity>
            <x>0.000000</x>
            <y>0.000000</y>
        </velocity>
        <forces>
            <x>0.000000</x>
            <y>0.000000</y>
        </forces>
        <position>
            <x>38443.634040</x>
            <y>44648.372800</y>
        </position>
    </ai3>
    <ai4>
        <id>ai</id>
        <mass>2.000000</mass>
        <velocity>
            <x>0.000000</x>
            <y>0.000000</y>
        </velocity>
        <forces>
            <x>0.000000</x>
            <y>0.000000</y>
        </forces>
        <position>
            <x>-37488.523309</x>
            <y>-56208.180774</y>
        </position>
    </ai4>
    <ai5>
        <id>ai</id>
        <mass>2.000000</mass>
        <velocity>
            <x>0.000000</x>
            <y>0.000000</y>
        </velocity>
        <forces>
            <x>0.000000</x>
            <y>0.000000</y>
        </forces>
        <position>
            <x>-47152.531941</x>
            <y>37353.826167</y>
        </position>
    </ai5>
    <ai6>
        <id>ai</id>
        <mass>2.000000</mass>
        <velocity>
            <x>0.000000</x>
            <y>0.000000</y>
        </velocity>
        <forces>
            <x>0.000000</x>
            <y>0.000000</y>
        </forces>
        <position>
            <x>56525.247499</x>
            <y>22145.351442</y>
        </position>
    </ai6>
    <ai7>
        <id>ai</id>
        <mass>2.000000</mass>
        <velocity>
            <x>0.000000</x>
            <y>0.000000</y>
        </velocity>
        <forces>
            <x>0.000000</x>
            <y>0.000000</y>
        </forces>
        <position>
            <x>3862.635591</x>
            <y>-68086.552557</y>
        </position>
    </ai7>
    <ai8>
        <id>ai</id>
        <mass>2.000000</mass>
        <velocity>
            <x>0.000000</x>
            <y>0.000000</y>
        </velocity>
        <forces>
            <x>0.000000</x>
            <y>0.000000</y>
        </forces>
        <position>
            <x>-5784.039266</x>
            <y>57804.830267</y>
        </position>
    </ai8>
    <ai9>
        <id>ai</id>
        <mass>2.000000</mass>
        <velocity>
            <x>0.000000</x>
            <y>0.000000</y>
        </velocity>
        <forces>
            <x>0.000000</x>
            <y>0.000000</y>
        </forces>
        <position>
            <x>21116.020685</x>
            <y>54243.766772</y>
        </position>
    </ai9>
    <ai10>
        <id>ai</id>
        <mass>2.000000</mass>
        <velocity>
            <x>0.000000</x>
            <y>0.000000</y>
        </velocity>
        <forces>
            <x>0.000000</x>
            <y>0.000000</y>
        </forces>
        <position>
            <x>-25302.884679</x>
            <y>-44965.272156</y>
        </position>
    </ai10>
    <ai11>
        <id>ai</id>
        <mass>2.000000</mass>
        <velocity>
            <x>0.000000</x>
            <y>0.000000</y>
        </velocity>
        <forces>
            <x>0.000000</x>
            <y>0.000000</y>
        </forces>
        <position>
            <x>46935.793567</x>
            <y>-6391.402059</y>
        </position>
    </ai11>
    <ai12>
        <id>ai</id>
        <mass>2.000000</mass>
        <velocity>
            <x>0.000000</x>
            <y>0.000000</y>
        </velocity>
        <forces>
            <x>0.000000</x>
            <y>0.000000</y>
        </forces>
        <position>
            <x>15069.712357</x>
            <y>-49926.872020</y>
        </position>
    </ai12>
    <ai13>
        <id>ai</id>
        <mass>2.000000</mass>
        <velocity>
            <x>0.000000</x>
            <y>0.000000</y>
        </velocity>
        <forces>
            <x>0.000000</x>
            <y>0.000000</y>
        </forces>
        <position>
            <x>28917.631447</x>
            <y>31466.287556</y>
        </position>
    </ai13>
    <ai14>
        <id>ai</id>
        <mass>2.000000</mass>
        <velocity>
            <x>0.000000</x>
            <y>0.000000</y>
        </velocity>
        <forces>
            <x>0.000000</x>
            <y>0.000000</y>
        </forces>
        <position>
            <x>-27497.450738</x>
            <y>-43466.796890</y>
        </position>
    </ai14>
    <ai15>
        <id>ai</id>
        <mass>2.000000</mass>
        <velocity>
            <x>0.000000</x>
            <y>0.000000</y>
        </velocity>
        <forces>
            <x>0.000000</x>
            <y>0.000000</y>
        </forces>
        <position>
            <x>-27870.850231</x>
            <y>-39501.320557</y>
        </position>
    </ai15>
    <ai16>
        <id>ai</id>
        <mass>2.000000</mass>
        <velocity>
            <x>0.000000</x>
            <y>0.000000</y>
        </velocity>
        <forces>
            <x>0.000000</x>
            <y>0.000000</y>
        </forces>
        <position>
            <x>38359.843091</x>
            <y>-4135.582664</y>
        </position>
    </ai16>
    <ai17>
        <id>ai</id>
        <mass>2.000000</mass>
        <velocity>
            <x>0.000000</x>
            <y>0.000000</y>
        </velocity>
        <forces>
            <x>0.000000</x>
            <y>0.000000</y>
        </forces>
        <position>
            <x>-52015.208184</x>
            <y>-70032.675422</y>
        </position>
    </ai17>
    <ai18>
        <id>ai</id>
        <mass>2.000000</mass>
        <velocity>
            <x>0.000000</x>
            <y>0.000000</y>
        </velocity>
        <forces>
            <x>0.000000</x>
            <y>0.000000</y>
        </forces>
        <position>
            <x>55202.631163</x>
            <y>-12780.700339</y>
        </position>
    </ai18>
    <ai19>
        <id>ai</id>
        <mass>2.000000</mass>
        <velocity>
            <x>0.000000</x>
            <y>0.000000</y>
        </velocity>
        <forces>
            <x>0.000000</x>
            <y>0.000000</y>
        </forces>
        <position>
            <x>7906.467131</x>
            <y>-77396.763886</y>
        </position>
    </ai19>
    <ai20>
        <id>ai</id>
        <mass>2.000000</mass>
        <velocity>
            <x>0.000000</x>
            <y>0.000000</y>
        </velocity>
        <forces>
            <x>0.000000</x>
            <y>0.000000</y>
        </forces>
        <position>
            <x>28459.777356</x>
            <y>43408.307844</y>
        </position>
    </ai20>
    <ai21>
        <id>ai</id>
        <mass>2.000000</mass>
        <velocity>
            <x>0.000000</x>
            <y>0.000000</y>
        </velocity>
        <forces>
            <x>0.000000</x>
            <y>0.000000</y>
        </forces>
        <position>
            <x>-55272.419374</x>
            <y>-67808.613683</y>
        </position>
    </ai21>
    <ai22>
        <id>ai</id>
        <mass>2.000000</mass>
        <velocity>
            <x>0.000000</x>
            <y>0.000000</y>
        </velocity>
        <forces>
            <x>0.000000</x>
            <y>0.000000</y>
        </forces>
        <position>
            <x>-65929.151649</x>
            <y>35364.437697</y>
        </position>
    </ai22>
    <ai23>
        <id>ai</id>
        <mass>2.000000</mass>
        <velocity>
            <x>0.000000</x>
            <y>0.000000</y>
        </velocity>
        <forces>
            <x>0.000000</x>
            <y>0.000000</y>
        </forces>
        <position>
            <x>48398.802772</x>
            <y>18593.690729</y>
        </position>
    </ai23>
    <ai24>
        <id>ai</id>
        <mass>2.000000</mass>
        <velocity>
            <x>0.000000</x>
            <y>0.000000</y>
        </velocity>
        <forces>
            <x>0.000000</x>
            <y>0.000000</y>
        </forces>
        <position>
            <x>-9673.512496</x>
            <y>-80907.176896</y>
        </position>
    </ai24>
    <ai25>
        <id>ai</id>
        <mass>2.000000</mass>
        <velocity>
            <x>0.000000</x>
            <y>0.000000</y>
        </velocity>
        <forces>
            <x>0.000000</x>
            <y>0.000000</y>
        </forces>
        <position>
            <x>-20311.130405</x>
            <y>57916.246553</y>
        </position>
    </ai25>
    <ai26>
        <id>ai</id>
        <mass>2.000000</mass>
        <velocity>
            <x>0.000000</x>
            <y>0.000000</y>
        </velocity>
        <forces>
            <x>0.000000</x>
            <y>0.000000</y>
        </forces>
        <position>
            <x>9352.205795</x>
            <y>53989.377101</y>
        </position>
    </ai26>
    <ai27>
        <id>ai</id>
        <mass>2.000000</mass>
        <velocity>
            <x>0.000000</x>
            <y>0.000000</y>
        </velocity>
        <forces>
            <x>0.000000</x>
            <y>0.000000</y>
        </forces>
        <position>
            <x>42059.719935</x>
            <y>29276.373082</y>
        </position>
    </ai27>
    <ai28>
        <id>ai</id>
        <mass>2.000000</mass>
        <velocity>
            <x>0.000000</x>
            <y>0.000000</y>
        </velocity>
        <forces>
            <x>0.000000</x>
            <y>0.000000</y>
        </forces>
        <position>
            <x>-13274.466234</x>
            <y>-81058.831266</y>
        </position>
    </ai28>
    <ai29>
        <id>ai</id>
        <mass>2.000000</mass>
        <velocity>
            <x>0.000000</x>
            <y>0.000000</y>
        </velocity>
        <forces>
            <x>0.000000</x>
            <y>0.000000</y>
        </forces>
        <position>
            <x>-46523.879246</x>
            <y>50314.082733</y>
        </position>
    </ai29>
    <ai30>
        <id>ai</id>
        <mass>2.000000</mass>
        <velocity>
            <x>0.000000</x>
            <y>0.000000</y>
        </velocity>
        <forces>
            <x>0.000000</x>
            <y>0.000000</y>
        </forces>
        <position>
            <x>-26208.807854</x>
            <y>-51269.566172</y>
        </position>
    </ai30>
    <ai31>
        <id>ai</id>
        <mass>2.000000</mass>
        <velocity>
            <x>0.000000</x>
            <y>0.000000</y>
        </velocity>
        <forces>
            <x>0.000000</x>
            <y>0.000000</y>
        </forces>
        <position>
            <x>30151.051385</x>
            <y>-21174.637227</y>
        </position>
    </ai31>
    <ai32>
        <id>ai</id>
        <mass>2.000000</mass>
        <velocity>
            <x>0.000000</x>
            <y>0.000000</y>
        </velocity>
        <forces>
            <x>0.000000</x>
            <y>0.000000</y>
        </forces>
        <position>
            <x>5289.468987</x>
            <y>-55140.554357</y>
        </position>
    </ai32>
    <ai33>
        <id>ai</id>
        <mass>2.000000</mass>
        <velocity>
            <x>0.000000</x>
            <y>0.000000</y>
        </velocity>
        <forces>
            <x>0.000000</x>
            <y>0.000000</y>
        </forces>
        <position>
            <x>-66942.497296</x>
            <y>-104632.626119</y>
        </position>
    </ai33>
    <ai34>
        <id>ai</id>
        <mass>2.000000</mass>
        <velocity>
            <x>0.000000</x>
            <y>0.000000</y>
        </velocity>
        <forces>
            <x>0.000000</x>
            <y>0.000000</y>
        </forces>
        <position>
            <x>91037.559093</x>
            <y>-20274.740275</y>
        </position>
    </ai34>
    <ai35>
        <id>ai</id>
        <mass>2.000000</mass>
        <velocity>
            <x>0.000000</x>
            <y>0.000000</y>
        </velocity>
        <forces>
            <x>0.000000</x>
            <y>0.000000</y>
        </forces>
        <position>
            <x>21349.056636</x>
            <y>-115483.237527</y>
        </position>
    </ai35>
    <ai36>
        <id>ai</id>
        <mass>2.000000</mass>
        <velocity>
            <x>0.000000</x>
            <y>0.000000</y>
        </velocity>
        <forces>
            <x>0.000000</x>
            <y>0.000000</y>
        </forces>
        <position>
            <x>51633.318361</x>
            <y>62516.917674</y>
        </position>
    </ai36>
    <ai37>
        <id>ai</id>
        <mass>2.000000</mass>
        <velocity>
            <x>0.000000</x>
            <y>0.000000</y>
        </velocity>
        <forces>
            <x>0.000000</x>
            <y>0.000000</y>
        </forces>
        <position>
            <x>-71741.833028</x>
            <y>-101355.583781</y>
        </position>
    </ai37>
    <ai38>
        <id>ai</id>
        <mass>2.000000</mass>
        <velocity>
            <x>0.000000</x>
            <y>0.000000</y>
        </velocity>
        <forces>
            <x>0.000000</x>
            <y>0.000000</y>
        </forces>
        <position>
            <x>-87443.988342</x>
            <y>50664.682382</y>
        </position>
    </ai38>
    <ai39>
        <id>ai</id>
        <mass>2.000000</mass>
        <velocity>
            <x>0.000000</x>
            <y>0.000000</y>
        </velocity>
        <forces>
            <x>0.000000</x>
            <y>0.000000</y>
        </forces>
        <position>
            <x>81012.462530</x>
            <y>25953.836054</y>
        </position>
    </ai39>
    <ai40>
        <id>ai</id>
        <mass>2.000000</mass>
        <velocity>
            <x>0.000000</x>
            <y>0.000000</y>
        </velocity>
        <forces>
            <x>0.000000</x>
            <y>0.000000</y>
        </forces>
        <position>
            <x>-4554.153033</x>
            <y>-120655.653319</y>
        </position>
    </ai40>
    <ai41>
        <id>ai</id>
        <mass>2.000000</mass>
        <velocity>
            <x>0.000000</x>
            <y>0.000000</y>
        </velocity>
        <forces>
            <x>0.000000</x>
            <y>0.000000</y>
        </forces>
        <position>
            <x>-20228.144295</x>
            <y>83893.630628</y>
        </position>
    </ai41>
    <ai42>
        <id>ai</id>
        <mass>2.000000</mass>
        <velocity>
            <x>0.000000</x>
            <y>0.000000</y>
        </velocity>
        <forces>
            <x>0.000000</x>
            <y>0.000000</y>
        </forces>
        <position>
            <x>23479.279340</x>
            <y>78107.587362</y>
        </position>
    </ai42>
</ai>
<base>
    <base0>
        <id>base</id>
        <mass>9000.000000</mass>
        <velocity>
            <x>0.000000</x>
            <y>0.000000</y>
        </velocity>
        <forces>
            <x>0.000000</x>
            <y>0.000000</y>
        </forces>
        <position>
            <x>8000.000000</x>
            <y>0.000000</y>
        </position>
    </base0>
</base>
<hud_base_pointer>
    <hud_base_pointer0>
        <id>hud_base_pointer</id>
    </hud_base_pointer0>
</hud_base_pointer>
<hud_fuel>
    <hud_fuel0>
        <id>hud_fuel</id>
    </hud_fuel0>
</hud_fuel>
<hud_fuel_container>
    <hud_fuel_container0>
        <id>hud_fuel_container</id>
    </hud_fuel_container0>
</hud_fuel_container>
<hud_life>
    <hud_life0>
        <id>hud_life</id>
    </hud_life0>
</hud_life>
<hud_life_container>
    <hud_life_container0>
        <id>hud_life_container</id>
    </hud_life_container0>
</hud_life_container>
<hud_obj_pointer>
    <hud_obj_pointer0>
        <id>hud_obj_pointer</id>
    </hud_obj_pointer0>
</hud_obj_pointer>
<objective_1>
    <objective_10>
        <id>objective_1</id>
        <mass>1.000000</mass>
        <velocity>
            <x>0.000000</x>
            <y>0.000000</y>
        </velocity>
        <forces>
            <x>0.000000</x>
            <y>0.000000</y>
        </forces>
        <position>
            <x>8000.000000</x>
            <y>0.000000</y>
        </position>
    </objective_10>
</objective_1>
<objective_2>
    <objective_20>
        <id>objective_2</id>
        <mass>1.000000</mass>
        <velocity>
            <x>0.000000</x>
            <y>0.000000</y>
        </velocity>
        <forces>
            <x>0.000000</x>
            <y>0.000000</y>
        </forces>
        <position>
            <x>0.000000</x>
            <y>2000.000000</y>
        </position>
    </objective_20>
</objective_2>
<objective_3>
    <objective_30>
        <id>objective_3</id>
        <mass>1.000000</mass>
        <velocity>
            <x>0.000000</x>
            <y>0.000000</y>
        </velocity>
        <forces>
            <x>0.000000</x>
            <y>0.000000</y>
        </forces>
        <position>
            <x>4000.000000</x>
            <y>-4000.000000</y>
        </position>
    </objective_30>
</objective_3>
<planet>
    <planet0>
        <id>planet10</id>
        <mass>0.250000</mass>
        <velocity>
            <x>0.000000</x>
            <y>0.000000</y>
        </velocity>
        <forces>
            <x>0.000000</x>
            <y>0.000000</y>
        </forces>
        <position>
            <x>64746.137994</x>
            <y>42381.096616</y>
        </position>
        <sprite>saves/save2/star1planet0.bmp</sprite>
    </planet0>
    <planet1>
        <id>planet11</id>
        <mass>0.654000</mass>
        <velocity>
            <x>0.000000</x>
            <y>0.000000</y>
        </velocity>
        <forces>
            <x>0.000000</x>
            <y>0.000000</y>
        </forces>
        <position>
            <x>70720.910257</x>
            <y>31247.527036</y>
        </position>
        <sprite>saves/save2/star1planet1.bmp</sprite>
    </planet1>
    <planet2>
        <id>planet12</id>
        <mass>0.416000</mass>
        <velocity>
            <x>0.000000</x>
            <y>0.000000</y>
        </velocity>
        <forces>
            <x>0.000000</x>
            <y>0.000000</y>
        </forces>
        <position>
            <x>55305.237357</x>
            <y>29343.795049</y>
        </position>
        <sprite>saves/save2/star1planet2.bmp</sprite>
    </planet2>
    <planet3>
        <id>planet13</id>
        <mass>0.244000</mass>
        <velocity>
            <x>0.000000</x>
            <y>0.000000</y>
        </velocity>
        <forces>
            <x>0.000000</x>
            <y>0.000000</y>
        </forces>
        <position>
            <x>71007.471785</x>
            <y>35764.549740</y>
        </position>
        <sprite>saves/save2/star1planet3.bmp</sprite>
    </planet3>
    <planet4>
        <id>planet14</id>
        <mass>0.618000</mass>
        <velocity>
            <x>0.000000</x>
            <y>0.000000</y>
        </velocity>
        <forces>
            <x>0.000000</x>
            <y>0.000000</y>
        </forces>
        <position>
            <x>67134.356668</x>
            <y>26719.176308</y>
        </position>
        <sprite>saves/save2/star1planet4.bmp</sprite>
    </planet4>
    <planet5>
        <id>planet15</id>
        <mass>0.250000</mass>
        <velocity>
            <x>0.000000</x>
            <y>0.000000</y>
        </velocity>
        <forces>
            <x>0.000000</x>
            <y>0.000000</y>
        </forces>
        <position>
            <x>97896.580634</x>
            <y>19835.383934</y>
        </position>
        <sprite>saves/save2/star2planet0.bmp</sprite>
    </planet5>
    <planet6>
        <id>planet16</id>
        <mass>0.048000</mass>
        <velocity>
            <x>0.000000</x>
            <y>0.000000</y>
        </velocity>
        <forces>
            <x>0.000000</x>
            <y>0.000000</y>
        </forces>
        <position>
            <x>113436.457801</x>
            <y>24038.550146</y>
        </position>
        <sprite>saves/save2/star2planet1.bmp</sprite>
    </planet6>
    <planet7>
        <id>planet17</id>
        <mass>0.110000</mass>
        <velocity>
            <x>0.000000</x>
            <y>0.000000</y>
        </velocity>
        <forces>
            <x>0.000000</x>
            <y>0.000000</y>
        </forces>
        <position>
            <x>97875.077733</x>
            <y>18255.961741</y>
        </position>
        <sprite>saves/save2/star2planet2.bmp</sprite>
    </planet7>
    <planet8>
        <id>planet18</id>
        <mass>0.548000</mass>
        <velocity>
            <x>0.000000</x>
            <y>0.000000</y>
        </velocity>
        <forces>
            <x>0.000000</x>
            <y>0.000000</y>
        </forces>
        <position>
            <x>106136.811187</x>
            <y>27553.202065</y>
        </position>
        <sprite>saves/save2/star2planet3.bmp</sprite>
    </planet8>
    <planet9>
        <id>planet19</id>
        <mass>0.638000</mass>
        <velocity>
            <x>0.000000</x>
            <y>0.000000</y>
        </velocity>
        <forces>
            <x>0.000000</x>
            <y>0.000000</y>
        </forces>
        <position>
            <x>111963.441627</x>
            <y>12262.743059</y>
        </position>
        <sprite>saves/save2/star2planet4.bmp</sprite>
    </planet9>
    <planet10>
        <id>planet20</id>
        <mass>0.114000</mass>
        <velocity>
            <x>0.000000</x>
            <y>0.000000</y>
        </velocity>
        <forces>
            <x>0.000000</x>
            <y>0.000000</y>
        </forces>
        <position>
            <x>110827.150949</x>
            <y>26385.507884</y>
        </position>
        <sprite>saves/save2/star2planet5.bmp</sprite>
    </planet10>
    <planet11>
        <id>planet20</id>
        <mass>0.250000</mass>
        <velocity>
            <x>0.000000</x>
            <y>0.000000</y>
        </velocity>
        <forces>
            <x>0.000000</x>
            <y>0.000000</y>
        </forces>
        <position>
            <x>-425.702412</x>
            <y>-5099.865762</y>
        </position>
        <sprite>saves/save2/star3planet0.bmp</sprite>
    </planet11>
    <planet12>
        <id>planet_Omega</id>
        <mass>0.138000</mass>
        <velocity>
            <x>0.000000</x>
            <y>0.000000</y>
        </velocity>
        <forces>
            <x>0.000000</x>
            <y>0.000000</y>
        </forces>
        <position>
            <x>38.999692</x>
            <y>-5495.008752</y>
        </position>
        <sprite>saves/save2/star3planet1.bmp</sprite>
    </planet12>
    <planet13>
        <id>planet22</id>
        <mass>0.116000</mass>
        <velocity>
            <x>0.000000</x>
            <y>0.000000</y>
        </velocity>
        <forces>
            <x>0.000000</x>
            <y>0.000000</y>
        </forces>
        <position>
            <x>-4636.613216</x>
            <y>-3313.741073</y>
        </position>
        <sprite>saves/save2/star3planet2.bmp</sprite>
    </planet13>
    <planet14>
        <id>planet23</id>
        <mass>0.304000</mass>
        <velocity>
            <x>0.000000</x>
            <y>0.000000</y>
        </velocity>
        <forces>
            <x>0.000000</x>
            <y>0.000000</y>
        </forces>
        <position>
            <x>-14402.364853</x>
            <y>-11450.258587</y>
        </position>
        <sprite>saves/save2/star3planet3.bmp</sprite>
    </planet14>
    <planet15>
        <id>planet24</id>
        <mass>0.084000</mass>
        <velocity>
            <x>0.000000</x>
            <y>0.000000</y>
        </velocity>
        <forces>
            <x>0.000000</x>
            <y>0.000000</y>
        </forces>
        <position>
            <x>-6437.335415</x>
            <y>-20475.280568</y>
        </position>
        <sprite>saves/save2/star3planet4.bmp</sprite>
    </planet15>
    <planet16>
        <id>planet25</id>
        <mass>0.660000</mass>
        <velocity>
            <x>0.000000</x>
            <y>0.000000</y>
        </velocity>
        <forces>
            <x>0.000000</x>
            <y>0.000000</y>
        </forces>
        <position>
            <x>-11521.877495</x>
            <y>-18314.401732</y>
        </position>
        <sprite>saves/save2/star3planet5.bmp</sprite>
    </planet16>
    <planet17>
        <id>planet25</id>
        <mass>0.250000</mass>
        <velocity>
            <x>0.000000</x>
            <y>0.000000</y>
        </velocity>
        <forces>
            <x>0.000000</x>
            <y>0.000000</y>
        </forces>
        <position>
            <x>-99317.446214</x>
            <y>41231.972657</y>
        </position>
        <sprite>saves/save2/star4planet0.bmp</sprite>
    </planet17>
    <planet18>
        <id>planet26</id>
        <mass>0.116000</mass>
        <velocity>
            <x>0.000000</x>
            <y>0.000000</y>
        </velocity>
        <forces>
            <x>0.000000</x>
            <y>0.000000</y>
        </forces>
        <position>
            <x>-98883.422343</x>
            <y>43324.116686</y>
        </position>
        <sprite>saves/save2/star4planet1.bmp</sprite>
    </planet18>
    <planet19>
        <id>planet27</id>
        <mass>0.084000</mass>
        <velocity>
            <x>0.000000</x>
            <y>0.000000</y>
        </velocity>
        <forces>
            <x>0.000000</x>
            <y>0.000000</y>
        </forces>
        <position>
            <x>-99030.884686</x>
            <y>45748.995360</y>
        </position>
        <sprite>saves/save2/star4planet2.bmp</sprite>
    </planet19>
    <planet20>
        <id>planet28</id>
        <mass>0.186000</mass>
        <velocity>
            <x>0.000000</x>
            <y>0.000000</y>
        </velocity>
        <forces>
            <x>0.000000</x>
            <y>0.000000</y>
        </forces>
        <position>
            <x>-102903.999803</x>
            <y>36703.621929</y>
        </position>
        <sprite>saves/save2/star4planet3.bmp</sprite>
    </planet20>
    <planet21>
        <id>planet29</id>
        <mass>0.074000</mass>
        <velocity>
            <x>0.000000</x>
            <y>0.000000</y>
        </velocity>
        <forces>
            <x>0.000000</x>
            <y>0.000000</y>
        </forces>
        <position>
            <x>-115818.647435</x>
            <y>46272.172728</y>
        </position>
        <sprite>saves/save2/star4planet4.bmp</sprite>
    </planet21>
    <planet22>
        <id>planet30</id>
        <mass>0.196000</mass>
        <velocity>
            <x>0.000000</x>
            <y>0.000000</y>
        </velocity>
        <forces>
            <x>0.000000</x>
            <y>0.000000</y>
        </forces>
        <position>
            <x>-98976.372084</x>
            <y>45457.287504</y>
        </position>
        <sprite>saves/save2/star4planet5.bmp</sprite>
    </planet22>
</planet>
<player>
    <player0>
        <id>player</id>
        <mass>4.000000</mass>
        <velocity>
            <x>0.000000</x>
            <y>0.000000</y>
        </velocity>
        <forces>
            <x>0.000000</x>
            <y>0.000000</y>
        </forces>
        <position>
            <x>5.000000</x>
            <y>0.000000</y>
        </position>
    </player0>
</player>
<star>
    <star0>
        <id>planet0</id>
        <mass>1531.800000</mass>
        <velocity>
            <x>0.000000</x>
            <y>0.000000</y>
        </velocity>
        <forces>
            <x>0.000000</x>
            <y>0.000000</y>
        </forces>
        <position>
            <x>62542.106950</x>
            <y>34028.294965</y>
        </position>
    </star0>
    <star1>
        <id>planet1</id>
        <mass>1332.000000</mass>
        <velocity>
            <x>0.000000</x>
            <y>0.000000</y>
        </velocity>
        <forces>
            <x>0.000000</x>
            <y>0.000000</y>
        </forces>
        <position>
            <x>106464.223374</x>
            <y>18925.826777</y>
        </position>
    </star1>
    <star2>
        <id>planet2</id>
        <mass>3196.800000</mass>
        <velocity>
            <x>0.000000</x>
            <y>0.000000</y>
        </velocity>
        <forces>
            <x>0.000000</x>
            <y>0.000000</y>
        </forces>
        <position>
            <x>-5780.286326</x>
            <y>-11867.109589</y>
        </position>
    </star2>
    <star3>
        <id>planet3</id>
        <mass>1531.800000</mass>
        <velocity>
            <x>0.000000</x>
            <y>0.000000</y>
        </velocity>
        <forces>
            <x>0.000000</x>
            <y>0.000000</y>
        </forces>
        <position>
            <x>-107470.747592</x>
            <y>44011.243144</y>
        </position>
    </star3>
</star>
